Player,Season,Rating
Greg Stewart,16,65
Barry Nicholson,14,61
Johnny Russell,13,72
Graeme Shinnie,16,73
Efe Ambrose,16,69
Lee Hollis,14,58
Mark Fotheringham,13,61
Mark Stewart,13,57
Denis Prychynenko,13,52
Henrik Ojamaa,12,64
Stephen McManus,15,65
Jordan Slew,14,63
Paul Gallacher,13,63
Craig Reid,14,56
Marius Zaliukas,13,70
Gary Miller,14,61
Scott Bain,16,64
Grant Gillespie,16,62
Mathias Pogba,15,60
Ziggy Gordon,16,64
Daniel Devine,15,59
Kemy Agustien,16,66
Mark Ridgers,14,56
Abiola Dauda,16,67
Dale Carrick,16,57
Niall McGinn,16,70
Tom Hateley,12,69
Steven Anderson,13,65
Keith Lasley,16,66
Adam King,13,50
Liam Boyce,16,66
Liam Caddis,15,57
Mark Reynolds,12,62
Chris Erskine,14,61
Perry Kitchen,16,70
Yoann Arquin,15,61
James Penrice,16,51
Jason Naismith,13,52
Simon Ramsden,13,62
Carl Tremarco,15,58
Sean Kelly,15,60
Gary Hooper,12,76
Craig Samson,15,63
Graeme Shinnie,16,73
Craig Samson,13,64
Paul Hanlon,14,63
Michael Nelson,12,63
Danny Ward,15,57
Paul Heffernan,14,64
James Fowler,14,59
Lyle Taylor,14,61
Conor Grant,15,57
Cillian Sheridan,13,65
Brian Easton,16,66
Shaleum Logan,16,68
Cameron Bell,12,65
Kris Commons,12,75
Thomas Rogne,13,68
Jason Naismith,14,57
Adam Matthews,15,71
Scott Brown,14,72
Adam Campbell,14,61
Craig Slater,15,60
Scott McDonald,15,68
Joseph Chalmers,16,54
David Mitchell,16,57
Liam Boyce,15,64
David Van Zanten,13,63
Stewart Murdoch,16,56
Callum McGregor,14,64
Iain Vigurs,16,67
Tom Taiwo,13,62
Paul Lawson,13,64
Nir Bitton,16,72
Efe Ambrose,15,68
Scott Fox,14,61
Garcia Tena,15,58
David Raven,14,60
Billy King,14,57
Kyle Letheren,15,62
James Penrice,16,51
Declan McDaid,15,59
Aidan Connolly,14,55
Jack Leitch,14,52
Carl Tremarco,14,58
Kenny McLean,14,64
Manuel Pascali,15,62
Lewis Toshney,14,59
Rory McKeown,13,60
Brad McKay,14,58
Wes Fletcher,15,60
Gary Warren,15,67
Andrew Considine,12,62
Lewis Moore,16,44
Murray Davidson,15,65
Michael Higdon,13,71
Danny Racchi,13,58
Lee Ashcroft,14,53
Steven Hammell,12,68
Scott McKenna,16,57
Scott Brown,12,72
Ian McShane,16,63
Michael Higdon,12,71
Alexandre D'Acol,16,64
Christie Elliot,14,56
Paul Lawson,14,62
Scott Robinson,12,60
Lewis Toshney,13,59
Keith Watson,12,63
Mark O'Hara,15,58
Graham Cummins,15,57
Darren Randolph,13,71
Owain Fon Williams,15,61
Iain Vigurs,16,67
Kieran Tierney,16,64
Chris Robertson,16,63
Kris Doolan,16,65
Callum Booth,16,65
Ryan McGowan,12,64
Gavin Reilly,16,59
Brad McKay,13,51
Stephen McManus,16,66
Kenny McLean,13,64
Darren O'Dea,16,68
Lee Miller,15,63
Steven MacLean,16,66
David McCracken,13,60
Kelvin Wilson,12,69
Gary Miller,13,63
Josh Meekings,15,67
Conor Newton,13,60
Michael McGovern,16,66
David Mackay,12,67
Lassad Nouioui,12,72
Stefan Johansen,15,74
Stuart Armstrong,15,71
John Rankin,15,62
Robbie Muirhead,14,53
Kris Boyd,14,70
Paul Heffernan,15,64
Ryan Christie,16,66
Mark Reynolds,14,66
James Craigen,15,58
Ivan Sproule,13,65
Willo Flood,13,64
Brian Easton,14,61
Ryan Esson,12,60
Michael Gardyne,16,63
Ross Draper,15,65
Richard Brittain,14,66
Billy McKay,12,62
Michael Fraser,14,58
Conor Newton,14,63
Simon Ramsden,14,59
Nick Ross,14,64
Coll Donaldson,16,61
Chris Robertson,16,63
Brian Graham,16,62
Raffaele De Vita,16,64
Ryan Edwards,16,61
Gary Fraser,16,62
Guy Demel,15,70
Connor Ripley,15,60
Mark Brown,14,58
Thomas Konrad,15,56
Mark Durnan,16,61
David Wilson,16,52
Julien Faubert,16,71
Shaleum Logan,15,63
Richard Brittain,13,65
Jamie Walker,12,51
Ryan McGivern,14,60
Scott Wright,16,54
Stephen O'Donnel,15,61
Steven Milne,13,59
Scott Brown,13,73
Lee Johnson,12,66
Jonathan Hayes,13,69
Craig Wighton,16,57
Lyle Taylor,15,62
Gary Harkins,15,66
Chris Robertson,15,61
Ryan Esson,15,59
James Vincent,14,61
Marius Zaliukas,12,71
Murray Davidson,12,66
Conrad Balatoni,16,62
Kevin Luckassen,13,63
Dougie Imrie,13,60
David Mackay,14,64
Ryan Gauld,14,66
Michael Gardyne,16,63
Shaun Hutchinson,14,69
Jon Daly,12,70
Marc McAusland,13,63
Michael O'Halloran,14,63
Shane Sutherland,12,61
Lewis McLear,15,56
Sam Parkin,13,59
Steven MacLean,14,61
Omar Daley,12,61
Nathan Eccleston,15,63
Brian Graham,16,62
Stuart Armstrong,16,70
Raffaele De Vita,16,64
Tom Taiwo,12,62
Niall McGinn,16,70
Mehdi Taouil,13,66
Danny Williams,14,56
Kevin McHattie,14,59
Keith Lasley,16,66
Alan Maybury,13,62
Julien Faubert,16,71
Kris Commons,15,73
Lee Hodson,16,66
Billy McKay,15,69
Fraser Kerr,12,61
David Smith,14,53
Conor Brennan,16,51
Abdul Osman,14,58
Daniel Devine,16,62
Jason Scotland,15,62
Eamonn Brophy,16,58
Emilio Izaguirre,14,72
Gary Harkins,14,66
Jackson Irvine,15,60
Andrew Shinnie,12,66
Owain Fon Williams,16,62
Ryan Stevenson,12,65
Nigel Hasselbaink,14,64
Kris Doolan,15,64
Virgil van Dijk,15,75
Josh Meekings,12,55
Danny Grainger,12,62
Shaleum Logan,16,68
David Smith,13,52
Tim Clancy,14,58
Fraser Mullen,13,55
Graham Carey,15,62
John McGinn,15,65
Jack Leitch,16,57
Gary Mackay-Steven,15,69
Paul McGinn,16,60
James Dayton,13,67
Steven Anderson,12,67
Ross Barbour,15,58
Kyle Letheren,12,56
Carl Tremarco,16,61
Stephen McManus,16,66
Jamie Masson,12,50
Sean Clohessy,13,59
Lee Hodson,16,66
David Goodwillie,13,68
Richie Foran,13,63
Fraser Forster,13,76
Craig Gordon,16,74
Darnell Fisher,14,57
Brian Easton,13,61
Anthony Straker,15,57
Darian MacKinnon,15,55
Ryan Jack,16,69
Mustapha Dumbuya,15,62
Michael Fraser,13,61
Tomas Rogic,13,67
Rory McKenzie,15,63
Ross Tokely,12,59
Dedryck Boyata,16,72
Ryan Fraser,13,66
Josh Meekings,14,66
John Baird,13,60
Fraser Kerr,13,61
Simon Lappin,16,63
Scott McDonald,16,68
Ryan Dow,13,61
Martin Scott,12,63
Mikael Lustig,12,71
Andrew Driver,13,68
Jordan Forster,13,53
Paul Gallacher,15,63
Alan Mannus,14,65
Paul McGinn,16,60
Gary Miller,16,63
Callum Davidson,12,61
Lionel Ainsworth,16,68
James Forrest,14,70
Jordan McGhee,14,54
Josh Meekings,13,60
Daniel Boateng,14,58
Liam Polworth,13,55
Kris Doolan,16,65
Gary Glen,12,61
Jim Goodwin,12,61
Nir Biton,14,62
Callum Tapping,14,57
Michael Devlin,15,57
Chris Millar,15,61
Daniel Seaborne,15,63
Scott Fox,16,62
Adam Collin,16,66
Stuart Findlay,16,55
Steve Simonsen,13,63
Shaun Hutchinson,13,68
Kane Hemmings,16,65
Jo Inge Berget,14,71
Dominic Thomas,15,54
Wes Fletcher,16,61
Chris Erskine,15,64
Alex Harris,13,54
Paul Dummett,12,55
Liam Craig,16,68
Isaac Osbourne,13,63
Kyle Benedictus,13,60
Martin Woods,16,65
Stephen Hughes,12,63
Joe Shaughnessy,16,62
Simon Ferry,15,62
Sean Dillon,15,60
Riccardo Calder,15,49
Rory McKenzie,16,64
Jamie Reckord,14,56
Marc McAusland,12,60
Alex Henshall,16,59
Andrea Mbuyi-Mutombo,16,60
Daniel Seaborne,14,63
Richard Foster,16,62
Emilio Izaguirre,13,71
Stuart Bannigan,16,64
Peter Pawlett,13,63
Stephane Bahoken,13,60
Gary Harkins,13,69
John Guidetti,15,72
Georgios Samaras,14,70
Ross Barbour,13,56
Dylan McGowan,12,58
Callum Morris,16,64
Scott Fox,16,62
Jonathan Hayes,12,70
David Wilson,16,52
David Wotherspoon,12,64
Guy Demel,16,68
Graeme Shinnie,15,69
James Vincent,16,63
Aidan Nesbitt,16,53
Gregory Tade,13,66
Jordan McMillan,14,57
Leigh Griffiths,13,69
Carl Tremarco,16,61
Craig Wighton,16,57
Rory Loy,16,61
Clark Robertson,13,61
Conrad Balatoni,14,60
Liam Kelly,12,67
Paul McGowan,15,64
Yann Songo'o,14,57
Darren Barr,13,63
John Souttar,15,61
Joe Shaughnessy,16,62
Josh Magennis,15,61
Alex Cooper,13,58
Nicky Low,13,58
Christopher McLaughlin,16,50
Willo Flood,16,65
Rory McKenzie,16,64
Darren Barr,12,63
Garry Hay,13,56
Billy McKay,13,68
Leigh Griffiths,14,69
David Robertson,12,64
Graham Carey,12,64
Eric Djemba-Djemba,14,64
Kallum Higginbotham,15,67
Mark Brown,13,62
Lewis Stevenson,14,60
Cameron Kerr,16,55
Scott Fraser,16,58
Iain Vigurs,14,66
Tom Hateley,13,69
Jamie Langfield,12,62
Jack Hendry,15,50
Mikael Lustig,16,72
Abdul Osman,15,64
Kevin Thomson,13,67
Morgaro Gomis,13,69
Rory Boulding,13,59
David Goodwillie,16,68
Abdellah Zoubir,14,59
Stephen McManus,14,67
Scott Brown,15,75
Jackson Irvine,14,56
Luka Tankulic,15,58
Mark Kerr,13,62
Gary Teale,12,65
Mohamadou Sissoko,13,65
David Amoo,16,66
James Forrest,13,72
Kallum Higginbotham,16,68
Arvydas Novikovas,13,66
Jim Goodwin,13,64
Adam Matthews,12,72
Kris Boyd,16,69
Robert Milsom,13,60
Simon Lappin,14,61
Abdellah Zoubir,13,59
Henri Anier,13,57
Liam Henderson,14,53
Zander Clark,16,51
Greg Docherty,16,53
Tomas Cerny,16,67
Dan Twardzik,13,53
Chris Humphrey,12,69
Josh Law,16,61
Donervon Daniels,15,62
Lee Ashcroft,16,63
Greg Stewart,16,65
Jamie Hamill,15,62
Adam Morgan,14,64
David Van Zanten,12,60
Craig Samson,16,64
Conrad Balatoni,15,60
John Souttar,16,64
Frazer Wright,13,64
Calvin Colquhoun,16,53
Marley Watkins,15,65
Michael Ngoo,14,64
Ryan Jack,15,68
Adam Matthews,13,72
Gary Glen,13,59
Danny Wilson,14,63
Ryan Jack,16,69
Arvydas Novikovas,12,60
Blair Spittal,15,58
Joe Shaughnessy,15,60
Evangelos Ikonomou,13,60
Lee Hollis,12,60
Steven Smith,16,61
Sam Nicholson,14,57
Paul Dixon,15,65
Gabriel,14,69
Louis Laing,16,64
Christie Elliot,16,62
Gunnar Nielsen,14,63
Jamie Walker,16,68
Greg Kiltie,15,56
Gwion Edwards,14,58
Chris Millar,13,60
Adam Matthews,14,72
James McPake,14,62
Michael Gardyne,14,61
David Mendes Silva,13,64
Ryan Stevenson,15,63
Adam Drury,15,57
Gary Miller,16,63
Craig Storie,16,56
Nadir Ciftci,14,67
Teemu Pukki,14,68
Lionel Ainsworth,16,68
Reuben Gabriel,13,55
Stefan Scepovic,14,70
Paul McCallum,14,60
Stuart Kettlewell,13,63
Lewis Horner,15,56
Liam Kelly,13,66
Jason Holt,13,60
Stuart Armstrong,14,69
John Souttar,16,64
Jude Winchester,13,44
Niall McGinn,14,69
Keith Lasley,13,68
Danny Williams,16,70
Filip Kiss,14,63
Mark Wilson,13,64
Craig Samson,12,68
Richie Foran,12,66
Scott Boyd,14,58
Gary Hooper,13,74
Marian Kello,15,64
Ryan Christie,15,61
Simon Ramsden,12,60
Charlie Taylor,13,58
Steven Anderson,16,67
Aaron Doran,15,67
Lewis Stevenson,12,61
Nigel Hasselbaink,12,65
Greg Tansey,15,64
Clark Robertson,12,55
Jason Holt,14,59
Rory Fallon,12,62
Jamie MacDonald,16,67
Leigh Griffiths,12,69
Steven MacLean,12,60
David Clarkson,15,64
Ryan Dow,16,64
Josh Magennis,13,62
David Goodwillie,15,68
Nigel Hasselbaink,15,64
Antonio Reguero Chapinal,13,63
Ross Davidson,13,51
Terry Dunfield,14,63
Kenny McLean,15,66
Cameron Smith,13,58
Jake Taylor,15,63
Niall McGinn,15,68
Colin Nish,12,62
Craig Slater,16,62
Ryan Dow,15,65
Craig Samson,16,64
John Rankin,16,63
Frazer Wright,15,65
Richard Foster,16,62
Sean Welsh,16,62
Scott Fraser,16,58
Johnny Russell,12,70
Daniel Seaborne,16,64
Logan Bailly,16,66
Gary Mackay-Steven,16,69
Stephen Mallan,15,58
Darnell Fisher,16,59
Jonathan Franks,16,57
Jamie MacDonald,13,68
Craig Gordon,15,74
Aaron Lennox,16,48
Isaac Osbourne,12,62
Ryan Jack,14,65
Rory Loy,16,61
Paul Dummett,13,62
Stefan Johansen,14,73
Rocco Quinn,15,59
Alex Harris,14,61
Victor Wanyama,13,76
Anthony Stokes,12,75
Gavin Gunning,14,62
Josh Meekings,16,67
Kris Commons,16,73
Callum Paterson,16,67
Lucas,16,81
Eamonn Brophy,15,54
Marcus Fraser,13,53
Jamie Walker,14,62
Willo Flood,16,65
Mario Bilate,15,62
Greg Taylor,16,61
Alex Henshall,16,59
John Herron,14,56
Christopher Dilo,14,57
Craig Thomson,16,53
Steven Hammell,16,64
Craig Slater,16,62
Prince Buaben,16,62
Gary Glen,14,57
David Raven,12,58
Paul McGowan,13,67
Lionel Ainsworth,14,65
Barry Robson,14,66
Fraser Forster,14,75
Liam Hughes,16,57
Jordan McGhee,16,58
David Goodwillie,14,67
Rory Fallon,13,60
Sean Dillon,12,67
Abdul Osman,16,66
Jozo Simunovic,16,66
Jackson Irvine,16,61
Gavin Morrison,12,56
Paul McGowan,14,65
Lionel Ainsworth,13,60
Nadir Ciftci,13,64
Barry Robson,13,66
Dougie Imrie,12,60
Erik Sviatchenko,16,74
Joe Shaughnessy,12,57
Willo Flood,15,65
Ben Hall,15,65
Manuel Pascali,14,64
Jamie Hamill,14,63
Danny Williams,15,60
Joe Shaughnessy,13,59
Tim Clancy,12,62
Paul Hanlon,12,60
Danny Williams,16,70
Paul Cairney,13,63
Andrew Considine,15,61
Rami Gershon,13,67
Jon Robertson,13,58
Antons Kurakins,16,58
Sean Welsh,15,60
Christie Elliot,15,60
Russell Anderson,12,65
Scott Allan,16,66
Steven Saunders,15,61
Kallum Higginbotham,14,65
Jon Daly,13,68
Gary Warren,13,61
Prince Buaben,16,62
Virgil van Dijk,14,74
Billy King,13,58
Ryan Edwards,16,61
Paul McGowan,12,70
Henri Anier,16,61
David Amoo,16,66
Adam Rooney,15,69
Peter Pawlett,14,66
Alan Gow,15,63
Lee Mair,13,60
Adam Frizzell,16,53
Henri Anier,15,62
Ryan Conroy,13,62
Stefan Johansen,16,72
Mikael Lustig,16,72
Callum Paterson,14,62
Mark Kerr,12,66
Steven Lawless,16,66
Calvin Colquhoun,16,53
Jake Jervis,14,64
Jake Carroll,14,60
Ryan Edwards,15,59
Kallum Higginbotham,13,63
Georgios Samaras,12,68
Anthony Stokes,14,71
Rory McKenzie,14,59
Andrew Considine,14,63
Brian Easton,15,64
Michael Hector,13,61
Stuart Kettlewell,14,61
Luke Watt,16,53
Jamie MacDonald,14,67
Ross Draper,14,64
Alan Mannus,13,66
Ryan Jack,13,62
John Rankin,14,63
Martin Canning,15,61
Graham Cummins,16,60
Nir Bitton,15,70
Marcus Fraser,15,56
Scott Robinson,14,60
Gary Dicker,16,64
Edward Ofere,16,65
Sean Dillon,16,62
Abiola Dauda,16,67
Antonio Reguero Chapinal,15,61
Alex Schalk,16,64
Scott Vernon,12,69
James McPake,15,62
Liam Gordon,16,52
Greg Stewart,15,62
Ross Draper,13,62
Paul Heffernan,12,67
Paul McGowan,16,67
Conrad Balatoni,16,62
Gary Harkins,16,66
John Sutton,14,67
Perry Kitchen,16,70
Graeme Shinnie,13,67
Florent Sinama-Pongolle,16,68
Kris Boyd,13,66
Igor Rossi,16,65
Thomas Reilly,13,56
Lee Erwin,14,52
Kieran Sadlier,15,54
Kyle Knoyle,16,57
Aaron Splaine,15,54
Curtis Good,14,61
Jeroen Tesselaar,15,62
Simon Ferry,14,61
James Collins,13,74
Michael Nelson,13,61
Aaron Kuhl,15,60
Branislav Micic,13,55
Brian Graham,15,60
Steven MacLean,13,60
Jake Jervis,15,61
Henrik Ojamaa,13,69
Gavin Gunning,15,62
Gary Dicker,16,64
Keith Lasley,12,67
John Souttar,14,60
Sam Morrow,13,56
Ryan Esson,13,60
Stewart Murdoch,16,56
Paul Quinn,16,65
Alan Martin,16,60
Gary Teale,13,63
Marian Kello,14,66
Gregory Tade,12,69
Ben Richards-Everton,15,57
Miles Storey,15,58
Callum Tapping,13,58
Kieran MacDonald,15,60
Henrik Ojamaa,14,66
Luke Johnston,13,51
Dale Carrick,14,55
Josh Meekings,16,67
Paul Heffernan,13,68
Ben Williams,12,57
Kane Hemmings,15,60
David Goodwillie,16,68
Scott Fox,15,61
Greg Docherty,15,52
Ryan McLaughlin,15,58
Mark Millar,13,62
Emilio Izaguirre,15,73
Marc McAusland,14,61
Mark O'Brien,14,68
Aidan Nesbitt,16,53
Gary Mackay-Steven,13,73
Craig Moore,15,54
Jason Naismith,15,62
Plamen Krachunov,16,55
Vitalijs Maksimenko,14,58
Scott Robinson,13,61
Barry Douglas,13,61
Alan Maybury,14,58
Dedryck Boyata,15,67
Steven Thompson,14,67
Scott Boyd,16,61
Aaron Doran,14,68
Chris Humphrey,13,67
Gary Mackay-Steven,14,70
Tom Rogic,16,70
Nick Ross,15,62
Anthony Stokes,15,70
Andrew Considine,13,65
Mark Reynolds,15,69
John Rankin,12,67
Mehdi Abeid,13,61
Erik Sviatchenko,16,74
Craig Slater,13,51
Justin Johnson,16,58
Edward Ofere,16,65
James Craigen,14,60
Mark Ridgers,15,58
Henri Anier,14,65
Steven Thompson,15,65
Louis Moult,16,61
James Forrest,12,73
Luke Watt,16,53
Patrick Roberts,16,66
Manuel Pascali,13,66
Edward Ofere,15,65
Antons Kurakins,16,58
Callum Davidson,13,62
Alan Martin,16,60
Craig Moore,14,53
Craig Slater,14,53
Mikael Lustig,13,72
Aidan Connolly,15,59
Lewis Guy,13,60
Daniel Redmond,16,62
Carlton Morris,16,59
Jeroen Tesselaar,12,62
John Sutton,13,64
Michael McGovern,15,64
Graham Cummins,16,60
Morgaro Gomis,16,64
Ross Caldwell,13,53
Kris Commons,14,75
Mark Brown,12,61
Craig Storie,13,51
Miku,13,71
Stuart Armstrong,12,66
Coll Donaldson,16,61
Patrick Roberts,16,66
Gary Irvine,15,61
Paul Paton,14,62
James Collins,14,74
Michael Nelson,14,62
Stefan Johansen,16,72
Teemu Pukki,13,72
Liam Boyce,16,66
Richie Foran,14,67
Michael Doughty,13,55
Paul Quinn,15,64
Patrick Cregg,14,58
Mark Reynolds,13,65
James Fowler,13,63
Willo Flood,14,65
James Fowler,12,63
David Ferguson,14,54
Marvin Johnson,15,59
Lee McCulloch,15,63
Sean Murdoch,13,59
Eoin Doyle,13,65
Adam Taggart,15,67
Grant Gillespie,15,58
Jeroen Tesselaar,14,63
Paul McGinn,15,57
Russell Anderson,14,66
David Barron,12,57
Liam Gordon,16,52
Gramoz Kurtaj,16,60
Peter Pawlett,16,68
Lee Mair,12,62
Kyle Jacobs,13,56
Gary Harkins,12,67
Alan Mannus,16,68
Michael Ngoo,13,64
Greg Docherty,16,53
Joe Shaughnessy,14,59
Emilio Izaguirre,12,74
Kane Hemmings,16,65
Ryan McGivern,13,64
Callum Booth,15,61
Nathaniel Wedderburn,16,57
Craig Curran,15,59
Juan Delgado,15,69
Jeroen Tesselaar,13,64
Andrew Driver,12,68
Matthew Kennedy,12,43
Lewis Morgan,15,54
Andre Blackman,12,54
Scott Robertson,13,64
Jonathan Page,12,62
Liam Lindsay,16,59
Simon Murray,16,60
John Rankin,16,63
Kris Boyd,15,69
Tarmo Kink,15,65
Patrick Cregg,13,63
Aaron Doran,13,70
Oumar Diaby,16,56
Jamie Langfield,15,65
Ryan McGivern,12,64
Stephen O'Donnel,13,58
Murray Davidson,14,66
Stephen Pearson,15,63
Colin Nish,13,62
Kostadin Gadzhalov,16,57
Kris Doolan,14,62
Prince Buaben,14,64
Lewis Horner,16,54
Lee Erwin,15,58
Lee Croft,15,63
Kevin McBride,13,62
Adam Rooney,16,71
Nicky Low,15,59
Daryll Meggatt,16,53
Greg Tansey,14,61
James McPake,16,63
Sammy Clingan,14,63
Stephen O'Donnel,14,58
Rowan Vine,13,63
Dylan McGeouch,13,63
Sam Nicholson,16,65
Craig Moore,13,53
Michael McGovern,16,66
Rhys Healey,15,60
Mikael Lustig,14,74
Marvin Johnson,16,65
Barry Nicholson,13,62
Steven Lawless,14,60
Darren McGregor,12,67
Nicky Low,14,58
James McFadden,15,65
Kevin Thomson,15,60
Gary Naysmith,12,64
Billy McKay,14,71
Andrew Considine,16,64
Mark Wilson,14,60
Chris Millar,16,62
Rowan Vine,12,62
Ben Williams,13,56
Jamie MacDonald,16,67
Willo Flood,12,63
Fraser Forster,12,72
Ross Draper,16,65
Stephen Pearson,16,64
Patrick Cregg,12,62
Stuart Bannigan,15,64
Nick Ross,13,64
Neil Alexander,16,64
Greg Kiltie,16,58
John Sutton,12,67
Steven Hammell,16,64
Nadir Ciftci,16,70
Darnell Fisher,16,59
James Dayton,12,68
Steven Anderson,14,66
Niall McGinn,12,63
Keith Watson,14,61
Blair Spittal,16,63
David Raven,15,62
Gary Deegan,13,63
Michael O'Halloran,15,66
James Vincent,15,61
David Wotherspoon,16,65
Lee Croft,14,63
Justin Johnson,16,58
Ross Barbour,14,56
Kostadin Gadzhalov,15,55
Mikael Lustig,15,75
Calum Butcher,15,60
Ryan Dow,14,64
Jackson Irvine,16,61
Darko Bodul,15,65
Jim Fenlon,14,57
Jack Hamilton,16,59
Theo Robinson,15,63
Thomas Reilly,12,52
Frazer Wright,12,66
Marley Watkins,14,56
Lionel Ainsworth,15,68
Simon Ramsden,15,63
Graeme Shinnie,12,61
Steven Ross,13,54
James Dayton,15,66
Gary Irvine,13,61
Steven Hammell,13,68
Stuart Findlay,16,55
Liam Polworth,14,56
Ryan McGowan,16,68
Orhan Mustafi,13,59
Ross Draper,12,55
Barry Douglas,12,64
Sean Welsh,14,60
Callum Morris,15,62
Craig Samson,14,63
Daniel Redmond,15,62
Kenny McLean,16,70
Tom Taiwo,14,59
Robert McHugh,12,60
Kevin McHattie,13,55
Ryan Scully,16,57
Darnell Fisher,15,57
John McGinn,13,62
Steven Boyd,16,51
Steven MacLean,15,64
Mark Connolly,14,62
Daniel Seaborne,16,64
Gary Woods,15,64
Tyler Blackett,15,65
Steven Lawless,16,66
Jack Leitch,15,56
Mohamadou Sissoko,12,64
Alex Harris,15,62
Murray Davidson,13,70
Stewart Murdoch,15,55
Liam Polworth,15,57
Andrew Driver,15,65
Daniel Redmond,16,62
Mark O'Brien,15,66
Josh Magennis,16,63
Callum McGregor,15,66
Georgios Samaras,13,73
Harry Souttar,16,57
Andrew Davies,16,67
Steven Thompson,12,68
Euan Murray,14,52
Martin Woods,16,65
Thomas Rogne,12,68
Ryan Esson,14,59
Daniel Devine,16,62
Liam Craig,16,68
Iain Davidson,13,60
Scott McDonald,16,68
Dylan McGeouch,14,63
Gramoz Kurtaj,16,60
Mark Connolly,15,62
Calum Butcher,14,60
Kieran Kennedy,16,54
Tony Dingwall,15,56
Paul Gallacher,14,61
Kyle Knoyle,16,57
Erik Cikos,14,65
Alan Mannus,15,66
Dale Carrick,13,55
Sean Clohessy,14,60
Craig Murray,14,53
Keith Watson,13,62
Sean Kelly,14,56
Gary Deegan,12,63
John Guidetti,14,73
Scott Bain,15,62
James McFadden,13,72
Ivan Sproule,12,65
Ben Williams,14,58
Carlton Morris,15,57
Michael Hector,14,62
Brian McLean,12,63
Alan Mannus,16,68
David Mackay,13,63
Simon Murray,16,60
Steven Anderson,15,65
Lewis Moore,16,44
Luke Watt,15,49
Fraser Kerr,15,60
Simon Church,16,66
Sean Kelly,13,52
Kelvin Wilson,13,71
Ryan Stevenson,14,61
Morgaro Gomis,16,64
Michael Tidser,14,61
Gary Miller,15,61
Gunnar Nielsen,13,65
Scott Vernon,13,61
Craig Reid,15,59
Iain Vigurs,13,63
Mark O'Hara,16,60
Liam Polworth,16,59
Mark Durnan,16,61
Callum McGregor,16,67
Morgaro Gomis,14,64
Dale Keenan,14,50
Ryan Jack,12,62
Gary Mackay-Steven,12,68
Sean Dillon,13,62
Stephen McManus,13,66
Greg Tansey,16,67
Conor Brennan,15,50
David Wilson,15,50
Scott Vernon,14,62
Eamonn Brophy,16,58
Danny Racchi,12,58
Yoann Arquin,14,61
Gavin Gunning,13,64
Simon Lappin,15,63
Steven Hammell,14,68
Sander Puri,13,61
Shaun Hutchinson,12,65
Isaac Osbourne,14,63
Ryan Christie,16,66
Peter Pawlett,15,68
Garcia Tena,16,61
Louis Moult,16,61
Richard Brittain,15,65
Lee Ashcroft,16,63
Aaron Taylor-Sinclair,14,61
Jack Hamilton,16,59
Ryan Gauld,13,61
Liam Craig,14,67
Ryan Dow,12,59
Ross Draper,16,65
Gary Woods,16,65
Nigel Hasselbaink,13,65
Nadir Ciftci,15,68
Simon King,12,59
Darryl Westlake,14,62
James Forrest,15,70
Jamie MacDonald,12,65
Jim Goodwin,15,66
Dougie Imrie,15,61
Liam Grimshaw,16,48
Darren Barr,14,63
Mustapha Dumbuya,16,64
Aaron Muirhead,14,62
Melvin de Leeuw,14,60
Callum Paterson,16,67
Chris Chantler,15,59
David Wotherspoon,16,65
Darryl Westlake,15,60
Eiji Kawashima,16,69
Julen Etxabeguren,16,55
Miles Storey,16,60
Sammy Clingan,15,63
Conor Brennan,14,50
Gary McDonald,13,60
Brian Easton,12,64
Lee Hollis,13,60
Miles Addison,16,63
Connor Ripley,16,62
John McGinn,14,64
Michael Gardyne,13,61
Tomas Rogic,15,65
Alex Cooper,14,57
Tim Clancy,13,61
Kyle Letheren,13,56
James McPake,12,63
Brian McLean,14,57
Paul Quinn,14,63
Emilio Izaguirre,16,71
Nick Ross,16,63
Zaine Francis-Angol,14,57
Iain Vigurs,15,67
Gary McDonald,14,60
Gary Warren,14,65
Lewis Stevenson,13,61
Stefan Scepovic,15,69
Lee Miller,14,64
Virgil van Dijk,13,71
Brian Graham,14,61
Kieran Tierney,16,64
Steven Lawless,15,65
Darren Lyon,16,56
Miles Storey,16,60
Graham Carey,13,62
David Cornell,13,58
Steven Boyd,16,51
Juwon Oshaniwa,16,59
Daniel Devine,13,59
Ryan Stevenson,13,65
Miku,12,74
Chris Erskine,16,65
Andrew Shinnie,13,70
Keith Lasley,15,66
Tom Rogic,16,70
Callum Paterson,13,62
Mark O'Hara,13,58
John Sutton,15,65
Paul Dixon,16,67
Dario Zanatta,16,53
Efe Ambrose,13,68
Antonio Reguero Chapinal,14,60
David Raven,13,59
Lucas,15,82
Ben Gordon,14,60
James McFadden,14,69
David Raven,16,65
Kenny McLean,16,70
Sean Dillon,14,60
Carl Finnigan,13,60
Miguel Pallardo,16,63
Stuart Armstrong,16,70
Steffen Wohlfarth,13,62
Michael Rose,16,60
Steven Hammell,15,65
Josh Law,15,57
Ben Hall,16,65
Juwon Oshaniwa,16,59
Fraser Kerr,14,60
Greg Kiltie,14,56
Henrik Ojamaa,15,66
Gary Teale,14,62
Matt Done,13,64
Robert McHugh,13,62
Lawrence Shankland,15,57
David Clarkson,14,57
Steve Banks,13,58
Jason Denayer,15,69
George Long,15,63
Mark Reynolds,16,70
Liam Craig,13,69
Gavin Gunning,12,65
Graeme Shinnie,14,69
James McFadden,16,66
Chris Clark,12,63
Josh Magennis,12,61
Thomas Reilly,14,56
Ziggy Gordon,15,62
Jamie Walker,13,61
Dale Keenan,15,53
Gordon Smith,12,60
Saidy Janko,15,64
Josh Magennis,16,63
Andrew Considine,16,64
Shaleum Logan,14,62
Chris Millar,14,60
Jack Baird,15,52
Adam Cummins,13,58
Alan Tate,14,66
Peter Pawlett,12,63
Dan Twardzik,15,58
Sammy Clingan,13,67
Liam Polworth,16,59
Callum Morris,14,58
Richard Foster,15,59
Callum McGregor,16,67
Jason Cummings,14,50
Niall McGinn,13,70
Jason Holt,12,53
Lee Mair,14,59
Dean Brill,14,65
Jamie Murphy,12,71
Jamie Langfield,13,62
Jamie Murphy,13,68
Darian MacKinnon,16,57
Joe Cardle,15,63
Kevin Thomson,14,60
Miles Addison,16,63
Brian McLean,13,61
Chris Millar,12,62
Zaine Francis-Angol,13,55
Igor Rossi,15,64
Clark Robertson,14,60
Filip Twardzik,14,61
Kenny McLean,12,68
Gary Warren,16,66
Daniel Redmond,14,62
Garcia Tena,16,61
Michael McGovern,14,61
Josh Magennis,14,59
Gary Naysmith,13,61
Paul Cairney,14,60
Kallum Higginbotham,16,68
Darren McGregor,13,65
Graham Carey,14,63
Owain Fon Williams,16,62
Martin Woods,14,64
Saidy Janko,16,67
David Barron,13,61
Daniel Devine,14,59
Aleksandar Tonev,14,66
Rocco Quinn,13,63
Darren Randolph,12,70
Derk Boerrigter,13,72
Barry Robson,15,64
Ziggy Gordon,16,64
Mark O'Hara,14,58
Don Cowie,16,66
Carlton Morris,16,59
Thomas Konrad,16,59
Steven Thompson,13,68
Darren O'Dea,16,68
Marcus Fraser,16,59
Gary Fraser,14,57
James Dunne,14,61
Michael Gardyne,15,61
Stephen Pearson,16,64
Kevin Holt,16,56
Paul Cairney,15,60
Darian MacKinnon,16,57
David McCracken,12,60
Rocco Quinn,14,59
Dougie Imrie,16,62
Mark Brown,15,61
Rory McKeown,12,60
Louis Laing,15,63
Craig Gordon,16,74
Raffaele De Vita,15,61
Paul Quinn,16,65
David Syme,15,53
Connor Ripley,16,62
Filip Kiss,15,63
Ryan Christie,14,53
Anthony Stokes,13,73
Rory McKenzie,13,55
Alan Mannus,12,61
Stephen Hughes,13,63
Andrew Robertson,14,65
Brian Easton,16,66
Stephen McGinn,15,60
Scott Bain,16,64
Chris Hogg,13,60
Paul Dixon,16,67
Steve Banks,14,58
Liam Caddis,14,56
Gavin Rae,13,64
Ryan McGowan,15,67
Mathias Pogba,16,62
Nick Ross,16,63
Stuart Bannigan,14,65
Jonathan Franks,16,57
Juan Delgado,16,70
Ryan Scully,16,57
Kris Commons,13,74
Duncan Watmore,14,58
Frazer Wright,14,66
Davide Grassi,13,59
Julen Etxabeguren,16,55
Terry Dunfield,15,63
Conor Townsend,14,57
David Wotherspoon,15,64
Tony Dingwall,14,50
Steven Ross,15,56
Richie Ryan,12,62
Efe Ambrose,14,69
Greg Taylor,16,61
Russell Anderson,13,66
Aaron Doran,12,65
Dario Zanatta,16,53
Jonathan Franks,15,57
Riku Riski,16,65
Steven Ross,14,54
Liam Smith,16,60
Eoin Doyle,12,58
Nicky Low,16,61
Nathan Thomas,15,56
Manuel Pascali,12,67
Jamie Hamill,13,67
Billy McKay,16,67
Murray Davidson,16,67
Martin Scott,13,60
Sean Murdoch,14,59
Scott Boyd,15,59
Scott McKenna,16,57
Gregg Wylde,15,63
James McPake,13,66
Ruben Palazuelos,15,63
Greg Tansey,16,67
David van Zanten,13,63
Paul Paton,16,62
Jamie Langfield,14,65
Andrew Davies,15,65
David Wotherspoon,13,63
Paul Hanlon,13,62
Kevin Holt,16,56
Ben Hall,16,65
Leigh Griffiths,16,74
Dylan McGowan,13,57
Conor Pepper,13,60
Juan Delgado,16,70
Robbie Muirhead,15,61
Stuart Armstrong,13,65
Conor Townsend,15,61
Willie Dyer,15,59
Keith Lasley,14,68
Scott Brown,16,73
Adam Drury,14,56
Gary Fraser,15,61
Darren Lyon,15,51
Scott Boyd,16,61
Scott Boyd,13,64
Darren McGregor,14,61
David Wotherspoon,14,66
Jamie Reckord,15,57
Callum Ball,14,62
Chris Chantler,14,59
Dylan McGowan,14,58
Cillian Sheridan,12,66
Scott Robertson,14,61
Steven Smith,15,60
Grant Munro,13,62
Greg Kiltie,16,58
Steven Saunders,14,63
Calvin Colquhoun,15,52
Adam Frizzell,16,53
Adam Collin,16,66
Craig Curran,16,62
Efe Ambrose,16,69
Craig Gordon,14,77
Liam Craig,12,68
Jordan Roberts,16,58
Alex Schalk,16,64
Shefki Kuqi,13,63
Marvin Johnson,16,65
Kris Boyd,16,69
Gavin Rae,12,63
Derk Boerrigter,14,70
Jim Goodwin,14,63
Leigh Griffiths,15,72
Grant Gillespie,16,62
Steven Saunders,13,67
Gary Warren,16,66
John Rankin,13,63
Paul Paton,15,63
Thomas Reilly,15,58
Kevin McHattie,16,62
Richie Ryan,13,60
Martin Woods,15,64
Victor Wanyama,12,70
Adam Rooney,14,65
Gregg Wylde,14,64
Alan Maybury,12,66
Dean Brill,15,65
Lee Ashcroft,15,61
Mehdi Taouil,12,69
David Amoo,15,60
Scott Wright,16,54
Aaron Lennox,16,48
